idx,matchtype,partid,ppartid
0,0,n3,3
1,0,n1,1
2,0,n2,2
3,0,n4,4
4,0,n5,5
5,0,n6,6
6,0,n7,7
7,0,n8,8
8,0,n9,9
9,0,n10,10
10,0,n11,11
11,0,n12,12
12,0,n13,13
13,0,n14,14
14,0,n15,15
15,0,n16,16
16,0,n17,17
17,0,n18,18
18,0,n21,21
19,0,n23,23
20,0,n19,19
21,0,n20,20
22,0,n22,22
23,0,n24,24
24,0,n25,25
25,0,n26,26
26,0,n27,27
27,0,n28,28
28,0,n28,30
29,0,n29,29
30,0,n29,31
31,0,n29,34
32,0,n32,32
33,0,n33,33
34,1,n34,undefined
35,0,n35,35
36,0,n37,37
37,0,n36,36
38,0,n38,38
39,0,n39,39
40,0,n40,40
41,0,n41,41
42,0,n43,43
43,0,n42,42
44,0,n44,44
45,0,n45,45
46,0,n46,46
47,0,n47,47
48,0,n48,48
49,0,n49,49
50,0,n51,51
51,0,n52,52
52,0,n53,53
53,0,n54,54
54,0,n55,55
55,0,n56,56
56,0,n57,57
57,0,n58,58
58,0,n59,59
59,0,n60,60
60,0,n60,63
61,0,n65,65
62,0,n66,66
63,1,n61,undefined
64,0,n62,62
65,1,n63,undefined
66,0,n64,64
67,0,n67,67
68,0,n68,68
69,0,n69,69
70,0,n70,70
71,0,n70,72
72,0,n71,71
73,0,n71,73
74,0,n74,74
75,0,n76,76
76,0,n75,75
77,0,n77,77
78,0,n79,79
79,0,n78,78
80,0,n80,80
81,0,n82,82
82,0,n81,81
83,0,n83,83
84,0,n84,84
85,0,n85,85
86,0,n86,86
87,0,n87,87
88,0,n89,89
89,0,n88,88
90,0,n90,90
91,1,n91,undefined
92,1,n93,undefined
93,0,n92,92
94,1,n94,undefined
95,0,n96,96
96,0,n95,95
97,0,n97,94
98,0,n97,97
99,0,n99,99
100,0,n98,98
101,0,n100,100
102,0,n101,101
103,0,n102,102
104,0,n104,104
105,0,n103,103
106,0,n105,105
107,0,n106,106
108,0,n107,107
109,1,n108,undefined
110,0,n109,109
111,0,n111,111
112,0,n112,112
113,0,n110,110
114,0,n114,114
115,0,n113,113
116,0,n116,116
117,0,n115,115
118,0,n117,117
119,0,n119,119
120,0,n118,118
121,0,n120,120
122,0,n122,122
123,0,n121,121
124,0,n123,123
125,0,n124,124
126,0,n125,125
127,0,n127,127
128,0,n126,126
129,0,n128,128
130,0,n129,129
131,0,n130,130
132,0,n131,131
133,0,n132,132
134,0,n134,134
135,0,n135,133
136,0,n135,135
137,0,n135,138
138,0,n136,136
139,0,n139,139
140,0,n140,140
141,0,n141,141
142,0,n142,142
143,0,n143,143
144,0,n144,144
145,0,n146,146
146,0,n145,145
147,0,n147,147
148,0,n148,148
149,0,n149,149
150,0,n151,151
151,0,n150,150
152,0,n152,152
153,0,n153,153
154,0,n154,154
155,0,n156,156
156,0,n155,155
157,0,n157,157
158,0,n159,159
159,0,n158,158
160,0,n160,160
161,0,n161,161
162,0,n163,163
163,0,n162,162
164,0,n165,165
165,0,n164,164
166,0,n167,167
167,0,n166,166
168,0,n169,169
169,0,n168,168
170,0,n171,171
171,0,n170,170
172,0,n172,172
173,0,n173,173
174,0,n174,174
175,0,n176,176
176,0,n175,175
177,0,n177,177
178,0,n178,178
179,0,n179,179
180,0,n180,180
181,0,n181,181
182,0,n182,182
183,0,n183,183
184,0,n184,184
185,0,n185,185
186,0,n186,186
187,0,n187,187
188,0,n188,188
189,0,n189,189
190,0,n190,190
191,0,n191,191
192,0,n192,192
193,0,n193,193
194,0,n194,194
195,0,n195,195
196,0,n195,196
197,1,n196,undefined
198,0,n197,197
199,0,n199,199
200,0,n198,198
201,0,n200,200
202,0,n201,201
203,0,n201,203
204,0,n204,204
205,0,n204,207
206,0,n202,202
207,1,n203,undefined
208,0,n205,205
209,1,n207,undefined
210,0,n208,208
211,0,n208,211
212,0,n206,206
213,0,n209,209
214,0,n209,210
215,0,n212,212
216,1,n211,undefined
217,1,n210,undefined
218,0,n215,215
219,0,n214,214
220,0,n213,213
221,0,n216,216
222,0,n217,217
223,0,n218,218
224,0,n219,219
225,0,n220,220
226,0,n221,221
227,0,n222,222
228,0,n223,223
229,0,n224,224
230,0,n225,225
231,0,n226,226
232,0,n227,227
233,0,n228,228
234,0,n229,229
235,0,n230,230
236,0,n231,231
237,0,n231,232
238,1,n232,undefined
239,0,n233,233
240,0,n236,236
241,0,n236,240
242,0,n235,235
243,0,n234,234
244,0,n237,237
245,0,n237,238
246,0,n240,243
247,0,n239,239
248,1,n238,undefined
249,0,n241,241
250,1,n243,undefined
251,0,n244,244
252,0,n242,242
253,0,n245,245
254,0,n247,247
255,0,n247,249
256,0,n246,246
257,0,n248,248
258,1,n249,undefined
259,0,n250,250
260,0,n251,251
261,0,n253,253
262,0,n255,255
263,0,n254,254
264,0,n252,252
265,0,n256,256
266,0,n257,257
267,0,n258,258
268,0,n259,259
269,0,n261,261
270,0,n261,263
271,0,n260,260
272,0,n262,262
273,1,n263,undefined
274,0,n265,265
275,0,n264,264
276,0,n264,267
277,0,n264,269
278,0,n270,270
279,0,n272,272
280,0,n271,271
281,0,n273,273
282,0,n274,274
283,0,n275,275
284,0,n277,277
285,0,n279,279
286,0,n278,278
287,0,n276,276
288,0,n280,280
289,0,n280,281
290,0,n282,282
291,0,n283,283
292,0,n284,284
293,0,n286,286
294,0,n286,287
295,0,n285,285
296,0,n288,288
297,1,n287,undefined
298,0,n290,290
299,0,n289,289
300,0,n289,292
301,0,n294,294
302,0,n293,291
303,0,n293,293
304,0,n293,296
305,0,n297,297
306,0,n298,298
307,0,n299,299
308,0,n300,300
309,0,n302,302
310,0,n301,301
311,0,n305,305
312,0,n306,306
313,0,n307,304
314,0,n307,307
315,0,n308,308
316,0,n308,311
317,0,n310,310
318,0,n309,312
319,0,n313,313
320,0,n314,314
321,0,n315,315
322,0,n316,316
323,0,n316,319
324,0,n318,318
325,0,n317,317
326,0,n317,320
327,0,n321,321
328,0,n322,322
329,0,n323,323
330,0,n324,324
331,0,n325,325
332,0,n326,326
333,0,n327,327
334,0,n328,328
335,0,n329,329
336,0,n330,330
337,0,n331,331
338,0,n334,334
339,0,n332,332
340,0,n333,333
341,0,n335,335
342,0,n337,337
343,0,n338,338
344,0,n336,336
345,0,n336,340
346,0,n341,341
347,0,n342,342
348,0,n343,343
349,0,n344,344
350,0,n344,346
351,0,n345,345
352,0,n346,348
353,0,n347,347
354,1,n348,undefined
355,0,n349,349
356,0,n350,350
357,0,n351,351
358,0,n352,352
359,0,n353,353
360,0,n354,354
361,0,n355,355
362,0,n356,356
363,0,n357,357
364,0,n358,358
365,0,n359,359
366,0,n360,360
367,0,n361,361
368,0,n362,362
369,0,n363,363
370,0,n366,366
371,0,n365,365
372,0,n364,364
373,0,n367,367
374,0,n370,370
375,0,n369,369
376,0,n368,368
377,0,n371,371
378,0,n372,372
379,0,n373,373
380,0,n374,374
381,0,n375,375
382,0,n376,376
383,0,n377,377
384,0,n377,379
385,0,n378,378
386,1,n379,undefined
387,1,n380,undefined
388,0,n381,381
389,0,n381,383
390,0,n382,382
391,1,n383,undefined
392,0,n384,384
393,0,n385,385
394,0,n386,386
395,0,n387,387
396,0,n388,388
397,0,n389,389
398,0,n390,390
399,0,n391,391
400,0,n392,392
401,0,n393,393
402,0,n394,394
403,0,n395,395
404,0,n396,396
405,0,n397,397
406,0,n398,398
407,0,n401,401
408,0,n400,400
409,0,n399,399
410,0,n402,402
411,0,n404,404
412,0,n403,403
413,0,n405,405
414,0,n406,406
415,0,n407,407
416,0,n408,408
417,0,n409,409
418,0,n409,411
419,0,n410,410
420,0,n412,412
421,1,n411,undefined
422,0,n413,413
423,0,n415,415
424,0,n414,414
425,0,n416,416
426,0,n417,417
427,0,n418,418
428,0,n419,419
429,0,n421,421
430,0,n420,420
431,0,n422,422
432,0,n423,423
433,0,n425,425
434,0,n424,424
435,0,n426,426
436,0,n427,427
437,0,n429,429
438,0,n428,428
439,0,n430,430
440,0,n431,431
441,0,n432,432
442,0,n433,433
443,0,n434,434
444,0,n435,435
445,0,n436,436
446,0,n438,438
447,0,n437,437
448,0,n440,440
449,0,n439,439
450,0,n442,442
451,0,n441,441
452,0,n443,443
453,0,n444,444
454,0,n446,446
455,0,n445,445
456,0,n448,448
457,0,n447,447
458,0,n450,450
459,0,n449,449
460,0,n452,452
461,0,n451,451
462,0,n454,454
463,0,n453,453
464,0,n456,456
465,0,n455,455
466,0,n457,457
467,0,n458,458
468,0,n459,459
469,0,n460,460
470,0,n462,462
471,0,n461,461
472,0,n463,463
473,0,n465,465
474,0,n464,464
475,0,n464,467
476,0,n468,468
477,0,n469,469
478,0,n470,470
479,0,n471,471
480,0,n473,473
481,0,n472,472
482,0,n474,474
483,0,n474,477
484,0,n476,476
485,0,n475,478
486,0,n479,479
487,0,n480,480
488,0,n481,481
489,0,n482,482
490,0,n484,484
491,0,n483,483
492,0,n485,485
493,0,n485,488
494,0,n487,487
495,0,n486,486
496,0,n486,489
497,0,n490,490
498,0,n491,491
499,0,n492,492
500,0,n493,493
501,0,n495,495
502,0,n494,494
503,0,n496,496
504,0,n497,497
505,0,n498,498
506,0,n499,499
507,0,n500,500
508,0,n501,501
509,0,n502,502
510,0,n503,503
511,0,n505,505
512,0,n504,504
513,0,n506,506
514,0,n506,507
515,0,n508,508
516,1,n507,undefined
517,0,n509,509
518,0,n510,510
519,0,n511,511
520,0,n512,512
521,0,n513,513
522,0,n515,515
523,0,n514,514
524,0,n516,516
525,0,n516,517
526,0,n518,518
527,1,n517,undefined
528,0,n519,519
529,0,n520,520
530,0,n521,521
531,0,n522,522
532,0,n523,523
533,0,n524,524
534,0,n525,525
535,0,n526,526
536,0,n528,528
537,0,n527,527
538,0,n529,529
539,0,n530,530
540,0,n531,531
541,0,n533,533
542,0,n534,532
543,0,n534,536
544,0,n534,539
545,0,n534,542
546,0,n535,535
547,0,n538,538
548,0,n541,541
549,0,n538,543
550,0,n541,544
551,0,n545,545
552,0,n546,546
553,0,n547,547
554,0,n548,548
555,0,n549,549
556,0,n550,550
557,0,n551,551
558,0,n552,552
559,0,n553,553
560,0,n554,554
561,0,n556,556
562,0,n555,555
563,0,n555,560
564,0,n557,557
565,0,n559,559
566,0,n558,558
567,1,n560,undefined
568,0,n561,561
569,0,n563,563
570,0,n562,562
571,0,n562,566
572,0,n564,564
573,0,n567,567
574,0,n565,565
575,0,n566,569
576,0,n568,568
577,0,n570,570
578,1,n569,undefined
579,0,n572,572
580,0,n571,571
581,0,n574,574
582,0,n573,573
583,0,n575,575
584,0,n576,576
585,0,n577,577
586,0,n579,579
587,0,n578,578
588,0,n580,580
589,0,n581,581
590,0,n582,582
591,0,n583,583
592,0,n584,584
593,0,n585,585
594,0,n586,586
595,0,n588,588
596,0,n587,587
597,0,n588,589
598,0,n590,590
599,0,n592,592
600,0,n591,591
601,0,n594,594
602,0,n594,595
603,0,n593,593
604,0,n597,597
605,0,n596,596
606,0,n598,598
607,0,n599,599
608,0,n601,601
609,0,n600,600
610,0,n602,602
611,0,n603,603
612,0,n605,605
613,0,n604,604
614,0,n606,606
615,0,n607,607
616,0,n608,608
617,0,n609,609
618,0,n611,611
619,0,n610,610
620,0,n613,613
621,0,n612,612
622,0,n615,615
623,0,n614,614
624,0,n617,617
625,0,n616,616
626,0,n618,618
627,0,n619,619
628,0,n621,621
629,0,n620,620
630,0,n623,623
631,0,n622,622
632,0,n624,624
633,0,n625,625
634,0,n626,626
635,0,n626,628
636,0,n627,627
637,1,n628,undefined
638,0,n629,629
639,0,n630,630
640,0,n632,632
641,0,n631,631
642,0,n634,634
643,0,n633,633
644,0,n636,636
645,0,n635,635
646,0,n637,637
647,0,n638,638
648,0,n638,641
649,0,n638,645
650,0,n638,648
651,0,n638,651
652,0,n638,654
653,0,n638,657
654,0,n640,640
655,1,n642,undefined
656,0,n644,644
657,0,n647,647
658,0,n649,649
659,0,n652,652
660,0,n655,655
661,0,n658,658
662,0,n659,656
663,0,n659,659
664,0,n660,660
665,0,n661,661
666,0,n662,662
667,0,n662,664
668,0,n663,663
669,1,n664,undefined
670,0,n665,665
671,0,n666,666
672,0,n667,667
673,0,n668,668
674,0,n669,669
675,0,n671,671
676,0,n670,670
677,0,n672,672
678,0,n674,674
679,0,n673,673
680,0,n673,675
681,0,n676,676
682,0,n675,677
683,0,n678,678
684,1,n677,undefined
685,0,n679,679
686,0,n680,680
687,0,n681,681
688,0,n683,683
689,0,n682,682
690,0,n684,684
691,0,n686,686
692,0,n685,685
693,0,n685,687
694,0,n688,688
695,0,n687,689
696,0,n690,690
697,1,n689,undefined
698,0,n691,691
699,0,n692,692
700,0,n693,693
701,0,n697,697
702,0,n694,694
703,0,n696,696
704,0,n696,702
705,0,n695,695
706,0,n698,698
707,0,n699,699
708,0,n700,700
709,0,n704,704
710,1,n702,undefined
711,0,n703,703
712,0,n701,701
713,0,n705,705
714,0,n706,706
715,0,n707,707
716,0,n710,710
717,0,n708,708
718,0,n709,709
719,0,n711,711
720,0,n712,712
721,0,n713,713
722,0,n714,714
723,0,n715,715
724,0,n716,716
725,0,n717,717
726,0,n718,718
727,0,n719,719
728,0,n721,721
729,0,n720,720
730,0,n722,722
731,0,n723,723
732,0,n724,724
733,0,n725,725
734,0,n726,726
735,0,n727,727
736,0,n728,728
737,0,n730,730
738,0,n729,729
739,0,n731,731
740,0,n732,732
741,0,n733,733
742,0,n734,734
743,0,n735,735
744,0,n736,736
745,0,n737,737
746,0,n738,738
747,0,n739,739
748,0,n741,741
749,0,n740,740
750,0,n742,742
751,0,n743,743
752,0,n744,744
753,0,n745,745
754,0,n746,746
755,0,n747,747
756,0,n748,748
757,0,n749,749
758,0,n750,750
759,0,n750,756
760,0,n751,751
761,0,n752,752
762,1,n753,undefined
763,0,n754,754
764,0,n755,755
765,1,n756,undefined
766,0,n758,758
767,0,n757,757
768,1,n759,undefined
769,0,n760,760
770,0,n761,761
771,0,n764,764
772,0,n763,763
773,0,n762,762
774,0,n765,765
775,0,n766,766
776,0,n767,767
777,0,n768,768
778,0,n769,769
779,0,n770,770
780,0,n771,771
781,0,n772,772
782,0,n773,773
783,0,n774,774
784,0,n775,775
785,0,n776,776
786,0,n777,777
787,0,n778,778
788,0,n779,779
789,0,n780,780
790,0,n782,782
791,0,n781,781
792,0,n783,783
793,0,n784,784
794,1,n785,undefined
795,0,n786,786
796,0,n787,785
797,0,n787,787
798,0,n789,789
799,0,n788,788
800,0,n788,792
801,0,n790,790
802,0,n791,791
803,0,n793,793
804,0,n794,794
805,0,n794,796
806,0,n795,795
807,0,n797,797
808,1,n796,undefined
809,0,n798,798
810,0,n799,799
811,0,n800,800
812,1,n801,undefined
813,1,n802,undefined
814,0,n803,801
815,0,n804,802
816,0,n804,804
817,0,n804,806
818,0,n807,807
819,1,n806,undefined
820,0,n805,805
821,0,n808,808
822,0,n809,809
823,0,n810,810
824,0,n811,811
825,0,n812,812
826,0,n813,813
827,0,n814,814
828,0,n815,815
829,0,n816,816
830,0,n817,817
831,0,n818,818
832,0,n819,819
833,0,n820,820
834,0,n821,821
835,0,n822,822
836,0,n823,823
837,0,n826,826
838,0,n824,824
839,0,n825,825
840,0,n827,827
841,0,n828,828
842,0,n829,829
843,0,n830,830
844,0,n831,831
845,0,n832,832
846,0,n833,833
847,0,n834,834
848,0,n835,835
849,0,n836,836
850,0,n837,837
851,0,n838,838
852,0,n839,839
853,0,n840,840
854,0,n841,841
855,0,n844,846
856,0,n846,844
857,0,n842,842
858,0,n843,843
859,0,n845,845
860,0,n847,847
861,0,n848,848
862,0,n849,849
863,0,n850,850
864,0,n851,851
865,0,n851,853
866,0,n852,852
867,0,n852,854
868,0,n852,857
869,0,n855,855
870,0,n856,856
871,1,n857,undefined
872,0,n858,858
873,0,n860,860
874,0,n859,859
875,0,n861,861
876,0,n862,862
877,0,n863,863
878,0,n864,864
879,0,n866,866
880,0,n865,865
881,0,n867,867
882,0,n868,868
883,0,n869,869
884,0,n870,870
885,0,n871,871
886,0,n872,872
887,0,n874,873
888,0,n875,874
889,0,n876,875
890,0,n877,876
891,0,n878,877
892,0,n879,878
893,0,n880,879
894,0,n881,880
895,0,n882,881
896,0,n883,882
897,0,n888,888
898,0,n889,887
899,0,n884,883
900,0,n885,884
901,0,n886,885
902,0,n887,886
903,0,n890,889
904,0,n891,890
905,0,n892,891
906,0,n893,892
907,0,n893,894
908,0,n894,893
909,0,n894,895
910,0,n897,896
911,0,n899,898
912,0,n898,897
913,0,n900,899
914,0,n902,901
915,0,n901,900
916,0,n903,902
917,0,n905,903
918,0,n904,904
919,0,n906,905
920,0,n907,906
921,0,n908,907
922,0,n909,908
923,0,n910,910
924,0,n912,911
925,0,n911,909
926,0,n913,912
927,0,n914,913
928,0,n916,915
929,0,n915,914
930,0,n917,916
931,0,n919,918
932,0,n918,917
933,0,n920,919
934,0,n922,921
935,0,n921,920
936,0,n923,922
937,0,n924,923
938,0,n925,924
939,0,n927,925
940,0,n926,926
941,0,n928,927
942,0,n928,929
943,0,n929,928
944,0,n930,931
945,0,n931,930
946,1,n932,undefined
947,0,n934,933
948,0,n935,934
949,0,n933,932
950,0,n937,936
951,0,n936,935
952,0,n939,938
953,0,n938,937
954,0,n940,939
955,0,n942,941
956,0,n941,940
957,0,n943,942
958,0,n945,944
959,0,n944,943
960,0,n946,945
961,0,n947,946
962,0,n948,947
963,0,n950,949
964,0,n949,948
965,0,n951,950
966,0,n952,951
967,0,n953,952
968,0,n954,953
969,0,n955,954
970,0,n957,956
971,0,n958,955
972,0,n958,957
973,0,n958,960
974,0,n959,959
975,0,n962,961
976,0,n963,962
977,0,n964,963
978,0,n965,965
979,0,n966,964
980,0,n967,966
981,0,n969,968
982,0,n968,967
983,0,n970,969
984,0,n971,970
985,0,n972,971
986,0,n974,973
987,0,n973,972
988,0,n975,974
989,0,n976,975
990,0,n977,976
991,0,n979,978
992,0,n978,977
993,0,n980,979
994,0,n982,981
995,0,n981,980
996,0,n983,982
997,0,n984,983
998,0,n986,985
999,0,n985,984
1000,0,n988,987
1001,0,n987,986
1002,0,n990,988
1003,0,n989,989
1004,0,n992,990
1005,0,n991,991
1006,0,n994,993
1007,0,n993,992
1008,0,n995,994
1009,0,n996,995
1010,0,n997,996
1011,0,n997,999
1012,0,n999,998
1013,0,n998,997
1014,0,n1000,1001
1015,0,n1001,1000
1016,1,n1002,undefined
1017,0,n1003,1002
1018,0,n1004,1003
1019,0,n1005,1004
1020,0,n1006,1005
1021,0,n1007,1006
1022,0,n1008,1007
1023,0,n1009,1008
1024,0,n1010,1009
1025,0,n1011,1010
1026,0,n1012,1011
1027,0,n1013,1012
1028,0,n1014,1013
1029,0,n1015,1014
1030,0,n1016,1015
1031,0,n1017,1016
1032,0,n1018,1017
1033,0,n1018,1018
1034,1,n1019,undefined
1035,0,n1020,1019
1036,0,n1022,1022
1037,0,n1021,1020
1038,0,n1023,1021
1039,0,n1024,1023
1040,0,n1024,1025
1041,0,n1027,1026
1042,0,n1027,1028
1043,0,n1025,1024
1044,1,n1026,undefined
1045,0,n1028,1027
1046,1,n1030,undefined
1047,0,n1031,1030
1048,0,n1031,1034
1049,0,n1029,1029
1050,0,n1032,1031
1051,0,n1032,1032
1052,0,n1035,1033
1053,1,n1034,undefined
1054,1,n1033,undefined
1055,0,n1038,1036
1056,0,n1037,1037
1057,0,n1036,1035
1058,0,n1039,1038
1059,0,n1040,1039
1060,0,n1041,1040
1061,0,n1042,1041
1062,1,n1043,undefined
1063,0,n1044,1043
1064,0,n1045,1044
1065,0,n1046,1045
1066,0,n1047,1046
1067,0,n1048,1047
1068,0,n1049,1048
1069,0,n1050,1049
1070,0,n1051,1050
1071,0,n1052,1051
1072,0,n1053,1052
1073,0,n1054,1053
1074,0,n1054,1054
1075,1,n1055,undefined
1076,0,n1056,1055
1077,0,n1059,1058
1078,0,n1059,1062
1079,0,n1058,1057
1080,0,n1057,1056
1081,0,n1060,1059
1082,0,n1060,1060
1083,0,n1063,1066
1084,0,n1062,1061
1085,1,n1061,undefined
1086,0,n1064,1063
1087,1,n1066,undefined
1088,0,n1067,1065
1089,0,n1065,1064
1090,0,n1068,1067
1091,0,n1070,1069
1092,0,n1070,1071
1093,0,n1069,1068
1094,0,n1071,1070
1095,1,n1072,undefined
1096,0,n1073,1072
1097,0,n1074,1073
1098,0,n1076,1074
1099,0,n1078,1077
1100,0,n1077,1076
1101,0,n1075,1075
1102,0,n1079,1078
1103,1,n1080,undefined
1104,1,n1081,undefined
1105,0,n1082,1081
1106,0,n1084,1083
1107,0,n1084,1084
1108,0,n1083,1082
1109,0,n1085,1085
1110,1,n1086,undefined
1111,0,n1088,1086
1112,0,n1087,1087
1113,0,n1087,1089
1114,0,n1087,1091
1115,0,n1093,1093
1116,0,n1095,1094
1117,0,n1094,1092
1118,0,n1096,1095
1119,0,n1097,1096
1120,0,n1098,1097
1121,0,n1100,1101
1122,0,n1102,1100
1123,0,n1101,1099
1124,0,n1099,1098
1125,0,n1103,1102
1126,0,n1105,1103
1127,0,n1106,1104
1128,0,n1107,1105
1129,0,n1109,1107
1130,0,n1109,1109
1131,0,n1108,1106
1132,0,n1111,1108
1133,1,n1110,undefined
1134,0,n1113,1111
1135,0,n1112,1110
1136,0,n1112,1113
1137,0,n1117,1115
1138,0,n1116,1114
1139,0,n1116,1117
1140,0,n1120,1118
1141,0,n1121,1119
1142,0,n1122,1120
1143,0,n1123,1121
1144,0,n1125,1123
1145,0,n1124,1122
1146,0,n1128,1126
1147,0,n1129,1127
1148,0,n1130,1125
1149,0,n1130,1128
1150,0,n1131,1129
1151,0,n1133,1131
1152,0,n1132,1130
1153,0,n1136,1134
1154,0,n1137,1135
1155,0,n1138,1133
1156,0,n1138,1136
1157,0,n1139,1137
1158,0,n1139,1140
1159,0,n1141,1139
1160,0,n1140,1141
1161,0,n1144,1142
1162,0,n1145,1144
1163,0,n1146,1143
1164,0,n1147,1145
1165,0,n1148,1146
1166,0,n1149,1147
1167,0,n1150,1148
1168,0,n1151,1149
1169,0,n1152,1150
1170,0,n1153,1151
1171,0,n1154,1152
1172,0,n1157,1153
1173,0,n1155,1155
1174,0,n1156,1154
1175,0,n1158,1156
1176,0,n1160,1159
1177,0,n1161,1158
1178,0,n1159,1157
1179,0,n1159,1161
1180,0,n1164,1163
1181,0,n1165,1162
1182,0,n1166,1164
1183,0,n1167,1165
1184,0,n1168,1166
1185,0,n1169,1167
1186,0,n1169,1169
1187,0,n1170,1168
1188,1,n1171,undefined
1189,0,n1172,1170
1190,0,n1173,1171
1191,0,n1174,1172
1192,0,n1175,1173
1193,0,n1176,1174
1194,0,n1177,1175
1195,0,n1178,1176
1196,0,n1179,1177
1197,0,n1180,1178
1198,0,n1181,1179
1199,0,n1182,1180
1200,0,n1183,1181
1201,0,n1184,1182
1202,0,n1185,1183
1203,0,n1186,1184
1204,0,n1189,1186
1205,0,n1188,1187
1206,0,n1187,1185
1207,0,n1190,1188
1208,0,n1193,1189
1209,0,n1192,1191
1210,0,n1191,1190
1211,0,n1194,1192
1212,0,n1195,1193
1213,0,n1196,1194
1214,0,n1197,1195
1215,0,n1198,1196
1216,0,n1198,1198
1217,1,n1199,undefined
1218,0,n1200,1200
1219,1,n1201,undefined
1220,1,n1202,undefined
1221,1,n1203,undefined
1222,0,n1204,1202
1223,0,n1204,1204
1224,0,n1205,1203
1225,1,n1206,undefined
1226,0,n1207,1205
1227,0,n1208,1206
1228,0,n1209,1207
1229,0,n1210,1208
1230,0,n1211,1209
1231,0,n1212,1210
1232,0,n1213,1211
1233,0,n1214,1212
1234,0,n1215,1213
1235,0,n1216,1214
1236,0,n1217,1215
1237,0,n1218,1216
1238,0,n1219,1217
1239,0,n1220,1218
1240,0,n1221,1219
1241,0,n1224,1222
1242,0,n1223,1221
1243,0,n1222,1220
1244,0,n1225,1223
1245,0,n1227,1225
1246,0,n1226,1224
1247,0,n1228,1226
1248,0,n1229,1227
1249,0,n1230,1228
1250,0,n1231,1230
1251,0,n1232,1229
1252,0,n1232,1232
1253,0,n1233,1231
1254,0,n1235,1233
1255,1,n1234,undefined
1256,0,n1236,1234
1257,0,n1238,1236
1258,0,n1237,1235
1259,0,n1239,1237
1260,0,n1240,1238
1261,0,n1241,1239
1262,0,n1242,1240
1263,0,n1244,1242
1264,0,n1243,1241
1265,0,n1245,1244
1266,0,n1246,1243
1267,0,n1248,1246
1268,0,n1247,1245
1269,0,n1249,1248
1270,0,n1250,1247
1271,0,n1252,1250
1272,0,n1251,1249
1273,0,n1253,1251
1274,0,n1254,1252
1275,0,n1255,1253
1276,0,n1256,1255
1277,0,n1257,1254
1278,0,n1258,1256
1279,0,n1259,1257
1280,0,n1261,1259
1281,0,n1260,1258
1282,0,n1263,1261
1283,0,n1262,1260
1284,0,n1265,1263
1285,0,n1264,1262
1286,0,n1266,1264
1287,0,n1267,1265
1288,0,n1269,1267
1289,0,n1268,1266
1290,0,n1271,1269
1291,0,n1270,1268
1292,0,n1273,1271
1293,0,n1272,1270
1294,0,n1275,1273
1295,0,n1274,1272
1296,0,n1277,1275
1297,0,n1276,1274
1298,0,n1279,1277
1299,0,n1278,1276
1300,0,n1280,1278
1301,0,n1281,1279
1302,0,n1282,1280
1303,0,n1283,1281
1304,0,n1285,1283
1305,0,n1284,1282
1306,0,n1286,1284
1307,0,n1288,1286
1308,0,n1287,1285
1309,0,n1287,1288
1310,0,n1291,1289
1311,0,n1292,1290
1312,0,n1293,1291
1313,0,n1294,1292
1314,0,n1296,1294
1315,0,n1295,1293
1316,0,n1297,1295
1317,0,n1297,1298
1318,0,n1299,1297
1319,0,n1298,1296
1320,0,n1298,1299
1321,0,n1302,1300
1322,0,n1303,1301
1323,0,n1304,1302
1324,0,n1305,1303
1325,0,n1307,1305
1326,0,n1306,1304
1327,0,n1308,1306
1328,0,n1308,1309
1329,0,n1310,1308
1330,0,n1309,1307
1331,0,n1309,1310
1332,0,n1313,1311
1333,0,n1314,1312
1334,0,n1315,1313
1335,0,n1316,1314
1336,0,n1318,1315
1337,0,n1317,1316
1338,0,n1319,1317
1339,0,n1320,1319
1340,0,n1321,1318
1341,0,n1322,1320
1342,0,n1323,1321
1343,0,n1324,1322
1344,0,n1325,1323
1345,0,n1326,1324
1346,0,n1328,1326
1347,0,n1327,1325
1348,0,n1329,1327
1349,0,n1329,1328
1350,0,n1331,1329
1351,1,n1330,undefined
1352,0,n1332,1330
1353,0,n1333,1331
1354,0,n1334,1332
1355,0,n1335,1333
1356,0,n1336,1334
1357,0,n1338,1336
1358,0,n1337,1335
1359,0,n1339,1337
1360,0,n1339,1338
1361,0,n1341,1339
1362,1,n1340,undefined
1363,0,n1342,1340
1364,0,n1343,1341
1365,0,n1344,1342
1366,0,n1345,1343
1367,0,n1346,1344
1368,0,n1347,1346
1369,0,n1348,1345
1370,0,n1349,1347
1371,0,n1351,1349
1372,0,n1350,1348
1373,0,n1352,1350
1374,0,n1353,1351
1375,0,n1354,1352
1376,0,n1356,1354
1377,0,n1357,1353
1378,0,n1357,1356
1379,0,n1357,1359
1380,0,n1357,1362
1381,0,n1358,1357
1382,0,n1361,1360
1383,0,n1364,1363
1384,0,n1361,1364
1385,0,n1364,1365
1386,0,n1368,1367
1387,0,n1369,1366
1388,0,n1370,1368
1389,0,n1371,1369
1390,0,n1372,1370
1391,0,n1373,1371
1392,0,n1374,1372
1393,0,n1375,1374
1394,0,n1376,1373
1395,0,n1377,1375
1396,0,n1379,1377
1397,0,n1378,1376
1398,0,n1378,1380
1399,0,n1380,1378
1400,0,n1382,1381
1401,0,n1381,1379
1402,1,n1383,undefined
1403,0,n1384,1382
1404,0,n1386,1383
1405,0,n1385,1384
1406,0,n1385,1387
1407,0,n1387,1385
1408,0,n1390,1388
1409,0,n1388,1386
1410,0,n1389,1390
1411,0,n1391,1389
1412,0,n1393,1391
1413,1,n1392,undefined
1414,0,n1395,1393
1415,0,n1394,1392
1416,0,n1397,1395
1417,0,n1396,1394
1418,0,n1398,1396
1419,0,n1399,1397
1420,0,n1400,1398
1421,0,n1402,1400
1422,0,n1401,1399
1423,0,n1403,1401
1424,0,n1404,1402
1425,0,n1405,1403
1426,0,n1406,1405
1427,0,n1407,1404
1428,0,n1408,1407
1429,0,n1409,1406
1430,0,n1411,1408
1431,0,n1410,1409
1432,0,n1411,1410
1433,0,n1413,1411
1434,0,n1415,1413
1435,0,n1414,1412
1436,0,n1417,1415
1437,0,n1416,1414
1438,0,n1420,1417
1439,0,n1419,1416
1440,0,n1421,1418
1441,0,n1422,1419
1442,0,n1424,1421
1443,0,n1423,1420
1444,0,n1425,1423
1445,0,n1426,1422
1446,0,n1428,1424
1447,0,n1427,1425
1448,0,n1429,1427
1449,0,n1430,1426
1450,0,n1431,1428
1451,0,n1432,1429
1452,0,n1434,1431
1453,0,n1433,1430
1454,0,n1436,1433
1455,0,n1435,1432
1456,0,n1438,1434
1457,0,n1437,1435
1458,0,n1440,1437
1459,0,n1439,1436
1460,0,n1441,1438
1461,0,n1442,1439
1462,0,n1444,1441
1463,0,n1443,1440
1464,0,n1446,1443
1465,0,n1445,1442
1466,0,n1447,1444
1467,0,n1448,1445
1468,0,n1449,1446
1469,0,n1449,1448
1470,0,n1450,1447
1471,1,n1451,undefined
1472,0,n1452,1449
1473,0,n1453,1450
1474,0,n1455,1452
1475,0,n1454,1451
1476,0,n1457,1454
1477,0,n1456,1453
1478,0,n1459,1456
1479,0,n1458,1455
1480,0,n1460,1457
1481,0,n1461,1458
1482,0,n1461,1461
1483,0,n1461,1464
1484,0,n1461,1467
1485,0,n1461,1471
1486,0,n1461,1474
1487,0,n1461,1477
1488,0,n1463,1460
1489,0,n1463,1465
1490,0,n1465,1462
1491,1,n1467,undefined
1492,0,n1470,1468
1493,0,n1472,1470
1494,0,n1472,1476
1495,1,n1475,undefined
1496,1,n1478,undefined
1497,0,n1481,1479
1498,0,n1482,1478
1499,0,n1483,1480
1500,0,n1484,1482
1501,0,n1485,1481
1502,0,n1485,1484
1503,0,n1486,1483
1504,0,n1487,1485
1505,0,n1488,1486
1506,1,n1489,undefined
1507,0,n1490,1487
1508,0,n1491,1488
1509,0,n1492,1489
1510,0,n1494,1490
1511,0,n1493,1491
1512,0,n1495,1492
1513,0,n1497,1493
1514,0,n1496,1494
1515,0,n1496,1496
1516,0,n1499,1495
1517,0,n1498,1498
1518,0,n1501,1497
1519,1,n1500,undefined
1520,0,n1502,1499
1521,0,n1503,1500
1522,0,n1504,1501
1523,0,n1506,1502
1524,0,n1505,1503
1525,0,n1507,1504
1526,0,n1509,1506
1527,0,n1508,1505
1528,0,n1508,1508
1529,0,n1508,1509
1530,0,n1511,1507
1531,1,n1510,undefined
1532,0,n1513,1510
1533,1,n1512,undefined
1534,0,n1514,1511
1535,0,n1515,1512
1536,0,n1516,1513
1537,0,n1520,1515
1538,0,n1517,1517
1539,0,n1517,1519
1540,0,n1519,1516
1541,0,n1519,1525
1542,0,n1518,1514
1543,0,n1521,1518
1544,0,n1522,1520
1545,0,n1523,1521
1546,0,n1527,1522
1547,0,n1527,1527
1548,1,n1525,undefined
1549,0,n1526,1523
1550,0,n1524,1524
1551,0,n1528,1526
1552,0,n1529,1528
1553,0,n1530,1529
1554,0,n1533,1532
1555,0,n1531,1530
1556,0,n1532,1531
1557,0,n1534,1533
1558,0,n1535,1534
1559,0,n1536,1535
1560,0,n1537,1536
1561,0,n1538,1537
1562,0,n1539,1538
1563,0,n1540,1539
1564,0,n1541,1541
1565,0,n1542,1540
1566,0,n1544,1543
1567,0,n1543,1542
1568,0,n1545,1545
1569,0,n1546,1544
1570,0,n1547,1546
1571,0,n1548,1547
1572,0,n1549,1548
1573,0,n1550,1549
1574,0,n1551,1550
1575,0,n1553,1551
1576,0,n1552,1552
1577,0,n1554,1553
1578,0,n1555,1554
1579,0,n1556,1555
1580,0,n1557,1556
1581,0,n1558,1557
1582,0,n1559,1558
1583,0,n1560,1559
1584,0,n1561,1560
1585,0,n1562,1561
1586,0,n1564,1563
1587,0,n1563,1562
1588,0,n1565,1565
1589,0,n1566,1564
1590,0,n1567,1567
1591,0,n1568,1566
1592,0,n1569,1568
1593,0,n1570,1569
1594,0,n1571,1570
1595,0,n1572,1571
1596,0,n1573,1572
1597,0,n1573,1578
1598,0,n1574,1573
1599,0,n1575,1574
1600,0,n1576,1575
1601,0,n1577,1576
1602,0,n1578,1577
1603,1,n1579,undefined
1604,0,n1581,1579
1605,0,n1580,1580
1606,0,n1582,1581
1607,0,n1583,1582
1608,0,n1584,1583
1609,0,n1587,1586
1610,0,n1586,1584
1611,0,n1585,1585
1612,0,n1588,1587
1613,0,n1589,1588
1614,0,n1590,1589
1615,0,n1591,1590
1616,0,n1592,1591
1617,0,n1593,1592
1618,0,n1594,1593
1619,0,n1595,1594
1620,0,n1596,1595
1621,0,n1597,1596
1622,0,n1598,1597
1623,0,n1599,1598
1624,0,n1600,1599
1625,0,n1601,1600
1626,0,n1602,1601
1627,0,n1603,1602
1628,0,n1605,1603
1629,0,n1604,1604
1630,0,n1606,1606
1631,0,n1607,1605
1632,1,n1608,undefined
1633,0,n1609,1608
1634,0,n1610,1607
1635,0,n1610,1609
1636,0,n1612,1612
1637,0,n1611,1611
1638,0,n1613,1610
1639,0,n1614,1613
1640,0,n1616,1614
1641,0,n1617,1615
1642,0,n1617,1617
1643,0,n1618,1616
1644,0,n1620,1618
1645,1,n1619,undefined
1646,0,n1621,1619
1647,0,n1622,1620
1648,1,n1623,undefined
1649,0,n1624,1622
1650,0,n1625,1621
1651,0,n1625,1623
1652,0,n1626,1624
1653,0,n1627,1625
1654,0,n1627,1627
1655,0,n1630,1626
1656,1,n1629,undefined
1657,0,n1628,1628
1658,0,n1631,1629
1659,0,n1632,1630
1660,0,n1633,1631
1661,0,n1634,1632
1662,0,n1635,1633
1663,0,n1636,1634
1664,0,n1637,1635
1665,0,n1638,1636
1666,0,n1639,1637
1667,0,n1640,1638
1668,0,n1641,1639
1669,0,n1642,1640
1670,0,n1643,1641
1671,0,n1644,1642
1672,0,n1645,1643
1673,0,n1646,1644
1674,0,n1647,1647
1675,0,n1648,1648
1676,0,n1646,1646
1677,0,n1645,1645
1678,0,n1649,1649
1679,0,n1650,1650
1680,0,n1651,1651
1681,0,n1652,1652
1682,0,n1653,1653
1683,0,n1654,1654
1684,0,n1655,1655
1685,0,n1656,1656
1686,0,n1657,1657
1687,0,n1658,1658
1688,0,n1659,1659
1689,0,n1660,1660
1690,0,n1661,1661
1691,0,n1662,1662
1692,0,n1663,1663
1693,0,n1666,1666
1694,0,n1665,1665
1695,0,n1664,1664
1696,0,n1667,1667
1697,0,n1668,1668
1698,0,n1669,1669
1699,0,n1670,1670
1700,0,n1671,1671
1701,0,n1672,1672
1702,0,n1673,1673
1703,0,n1674,1674
1704,0,n1675,1675
1705,0,n1676,1676
1706,0,n1677,1677
1707,0,n1678,1678
1708,0,n1679,1679
1709,0,n1680,1680
1710,0,n1680,1682
1711,0,n1683,1683
1712,0,n1684,1684
1713,1,n1682,undefined
1714,0,n1681,1681
1715,0,n1685,1685
1716,1,n1686,undefined
1717,1,n1687,undefined
1718,0,n1688,1688
1719,0,n1689,1689
1720,0,n1690,1690
1721,0,n1691,1691
1722,0,n1692,1692
1723,0,n1693,1693
1724,0,n1694,1694
1725,0,n1695,1695
1726,0,n1696,1696
1727,0,n1697,1697
1728,0,n1698,1698
1729,0,n1699,1699
1730,0,n1702,1702
1731,0,n1701,1701
1732,0,n1701,1703
1733,0,n1700,1700
1734,0,n1704,1704
1735,0,n1705,1705
1736,0,n1706,1706
1737,0,n1707,1707
1738,0,n1708,1708
1739,0,n1709,1709
1740,0,n1710,1710
1741,0,n1711,1711
1742,0,n1712,1712
1743,0,n1713,1713
1744,0,n1714,1714
1745,0,n1715,1715
1746,0,n1716,1716
1747,0,n1717,1717
1748,0,n1717,1719
1749,0,n1718,1718
1750,0,n1720,1720
1751,1,n1719,undefined
1752,0,n1721,1721
1753,0,n1722,1722
1754,0,n1723,1723
1755,0,n1724,1724
1756,0,n1725,1725
1757,0,n1726,1726
1758,0,n1727,1727
1759,0,n1728,1728
1760,0,n1729,1729
1761,0,n1730,1730
1762,0,n1731,1731
1763,0,n1732,1732
1764,0,n1733,1733
1765,0,n1734,1734
1766,0,n1735,1735
1767,0,n1738,1738
1768,0,n1737,1737
1769,0,n1739,1739
1770,0,n1736,1736
1771,0,n1740,1740
1772,0,n1741,1741
1773,0,n1742,1742
1774,0,n1743,1743
1775,0,n1744,1744
1776,0,n1745,1745
1777,0,n1746,1746
1778,0,n1747,1747
1779,0,n1748,1748
1780,0,n1749,1749
1781,0,n1750,1750
1782,0,n1751,1751
1783,0,n1752,1752
1784,0,n1753,1753
1785,0,n1756,1756
1786,0,n1755,1755
1787,0,n1754,1754
1788,0,n1757,1757
1789,0,n1758,1758
1790,0,n1759,1759
1791,0,n1760,1760
1792,0,n1761,1761
1793,0,n1763,1763
1794,0,n1762,1762
1795,0,n1764,1764
1796,0,n1766,1766
1797,0,n1765,1765
1798,0,n1767,1767
1799,0,n1768,1768
1800,0,n1769,1769
1801,0,n1770,1770
1802,0,n1771,1771
1803,0,n1772,1772
1804,0,n1774,1774
1805,0,n1773,1773
1806,0,n1773,1777
1807,0,n1776,1776
1808,0,n1778,1778
1809,0,n1779,1779
1810,0,n1780,1780
1811,0,n1781,1781
1812,0,n1782,1782
1813,0,n1783,1783
1814,0,n1784,1784
1815,0,n1786,1786
1816,0,n1785,1785
1817,0,n1787,1787
1818,0,n1789,1789
1819,0,n1788,1788
1820,0,n1790,1790
1821,0,n1791,1791
1822,0,n1792,1792
1823,0,n1793,1793
1824,0,n1794,1794
1825,0,n1795,1795
1826,0,n1797,1797
1827,0,n1796,1796
1828,0,n1796,1800
1829,0,n1799,1799
1830,0,n1802,1802
1831,0,n1801,1801
1832,0,n1803,1803
1833,0,n1804,1804
1834,0,n1805,1805
1835,0,n1806,1806
1836,0,n1807,1807
1837,0,n1807,1810
1838,0,n1809,1809
1839,0,n1808,1808
1840,1,n1810,undefined
1841,0,n1811,1811
1842,0,n1812,1812
1843,0,n1813,1813
1844,0,n1814,1814
1845,0,n1815,1815
1846,0,n1816,1816
1847,0,n1817,1817
1848,0,n1818,1818
1849,0,n1819,1819
1850,0,n1820,1820
1851,0,n1821,1821
1852,0,n1823,1823
1853,0,n1822,1822
1854,0,n1825,1825
1855,0,n1824,1824
1856,0,n1827,1827
1857,0,n1826,1826
1858,0,n1826,1830
1859,0,n1828,1828
1860,0,n1829,1829
1861,0,n1830,1833
1862,0,n1831,1831
1863,0,n1832,1832
1864,1,n1833,undefined
1865,0,n1834,1834
1866,0,n1835,1835
1867,0,n1836,1836
1868,0,n1838,1838
1869,0,n1837,1837
1870,0,n1839,1839
1871,0,n1840,1840
1872,0,n1841,1841
1873,0,n1843,1843
1874,0,n1842,1842
1875,0,n1842,1846
1876,0,n1842,1849
1877,0,n1842,1852
1878,0,n1842,1856
1879,0,n1845,1845
1880,0,n1848,1848
1881,0,n1851,1851
1882,0,n1850,1850
1883,1,n1852,undefined
1884,0,n1853,1853
1885,0,n1854,1854
1886,0,n1855,1855
1887,0,n1857,1857
1888,1,n1856,undefined
1889,0,n1858,1858
1890,0,n1860,1860
1891,0,n1859,1859
1892,0,n1861,1861
1893,0,n1862,1862
1894,0,n1863,1863
1895,0,n1865,1865
1896,0,n1864,1864
1897,0,n1866,1866
1898,0,n1866,1868
1899,0,n1867,1867
1900,1,n1868,undefined
1901,0,n1869,1869
1902,0,n1870,1870
1903,0,n1871,1871
1904,0,n1872,1872
1905,0,n1874,1874
1906,0,n1873,1873
1907,0,n1876,1876
1908,0,n1875,1875
1909,0,n1875,1878
1910,0,n1877,1877
1911,0,n1879,1879
1912,0,n1878,1882
1913,0,n1880,1880
1914,0,n1881,1881
1915,1,n1882,undefined
1916,0,n1883,1883
1917,0,n1884,1884
1918,0,n1885,1885
1919,0,n1887,1887
1920,0,n1886,1886
1921,0,n1888,1888
1922,0,n1889,1889
1923,0,n1890,1890
1924,0,n1892,1892
1925,0,n1891,1891
1926,0,n1891,1895
1927,0,n1891,1898
1928,0,n1891,1901
1929,0,n1891,1906
1930,0,n1894,1894
1931,0,n1897,1897
1932,0,n1900,1900
1933,0,n1899,1899
1934,1,n1901,undefined
1935,0,n1902,1902
1936,0,n1903,1903
1937,0,n1904,1904
1938,0,n1905,1905
1939,1,n1906,undefined
1940,0,n1907,1907
1941,0,n1909,1909
1942,0,n1910,1910
1943,0,n1910,1911
1944,0,n1908,1908
1945,1,n1911,undefined
1946,1,n1912,undefined
1947,1,n1913,undefined
1948,0,n1914,1914
1949,0,n1915,1915
1950,0,n1916,1916
1951,0,n1917,1917
1952,0,n1920,1920
1953,0,n1919,1919
1954,0,n1918,1918
1955,0,n1921,1921
1956,1,n1922,undefined
1957,1,n1923,undefined
1958,1,n1926,undefined
1959,0,n1925,1925
1960,0,n1924,1924
1961,0,n1927,1923
1962,0,n1927,1927
1963,0,n1928,1928
1964,0,n1929,1929
1965,0,n1930,1930
1966,0,n1931,1931
1967,0,n1932,1932
1968,0,n1933,1933
1969,0,n1934,1934
1970,0,n1935,1935
1971,0,n1936,1936
1972,0,n1937,1937
1973,0,n1938,1938
1974,0,n1939,1939
1975,0,n1941,1941
1976,0,n1941,1945
1977,0,n1940,1940
1978,0,n1942,1942
1979,0,n1943,1943
1980,0,n1944,1944
1981,0,n1947,1947
1982,1,n1945,undefined
1983,0,n1946,1946
1984,0,n1948,1948
1985,0,n1949,1949
1986,0,n1950,1950
1987,0,n1952,1952
1988,0,n1951,1951
1989,0,n1953,1953
1990,0,n1954,1954
1991,0,n1955,1955
1992,0,n1956,1956
1993,0,n1957,1957
1994,0,n1958,1958
1995,0,n1959,1959
1996,0,n1960,1960
1997,0,n1962,1962
1998,0,n1961,1961
1999,0,n1961,1968
2000,0,n1963,1963
2001,0,n1964,1964
2002,0,n1965,1965
2003,0,n1966,1966
2004,1,n1968,undefined
2005,0,n1967,1967
2006,0,n1969,1969
2007,0,n1970,1970
2008,0,n1971,1971
2009,0,n1973,1973
2010,0,n1972,1972
2011,0,n1974,1974
2012,0,n1975,1975
2013,0,n1976,1976
2014,0,n1977,1977
2015,0,n1978,1978
2016,0,n1979,1979
2017,0,n1980,1980
2018,0,n1981,1981
2019,0,n1983,1983
2020,0,n1983,1988
2021,0,n1982,1982
2022,0,n1984,1984
2023,0,n1985,1985
2024,0,n1986,1986
2025,0,n1989,1989
2026,1,n1988,undefined
2027,0,n1987,1987
2028,0,n1990,1990
2029,0,n1991,1991
2030,0,n1992,1992
2031,0,n1993,1993
2032,0,n1995,1995
2033,0,n1994,1994
2034,0,n1996,1996
2035,0,n1997,1997
2036,0,n1998,1998
2037,0,n1999,1999
2038,0,n2000,2000
2039,0,n2001,2001
2040,0,n2002,2002
2041,0,n2003,2003
2042,0,n2005,2005
2043,0,n2004,2004
2044,0,n2007,2007
2045,0,n2006,2006
2046,0,n2009,2009
2047,0,n2008,2008
2048,0,n2010,2010
2049,0,n2011,2011
2050,0,n2012,2012
2051,0,n2013,2013
2052,0,n2014,2014
2053,0,n2015,2015
2054,0,n2017,2017
2055,0,n2016,2016
2056,0,n2019,2019
2057,0,n2018,2018
2058,0,n2020,2020
2059,0,n2021,2021
2060,0,n2022,2022
2061,0,n2023,2023
2062,0,n2024,2024
2063,0,n2025,2025
2064,0,n2026,2026
2065,0,n2027,2027
2066,0,n2028,2028
2067,0,n2029,2029
2068,0,n2030,2030
2069,0,n2031,2031
2070,0,n2032,2032
2071,0,n2033,2033
2072,0,n2034,2034
2073,0,n2035,2035
2074,0,n2036,2036
2075,0,n2037,2037
2076,0,n2038,2038
2077,0,n2039,2039
2078,0,n2040,2040
2079,0,n2041,2041
2080,0,n2042,2042
2081,0,n2044,2044
2082,0,n2043,2043
2083,0,n2045,2045
2084,0,n2046,2046
2085,0,n2047,2047
2086,0,n2048,2048
2087,0,n2049,2049
2088,0,n2050,2050
2089,0,n2051,2051
2090,0,n2052,2052
2091,0,n2053,2053
2092,0,n2054,2054
2093,0,n2055,2055
2094,0,n2056,2056
2095,0,n2057,2057
2096,0,n2058,2058
2097,0,n2059,2059
2098,0,n2060,2060
2099,0,n2066,2066
2100,0,n2065,2065
2101,0,n2061,2061
2102,0,n2062,2062
2103,0,n2064,2064
2104,0,n2063,2063
2105,0,n2067,2067
2106,0,n2068,2068
2107,0,n2069,2069
2108,0,n2070,2070
2109,0,n2071,2071
2110,0,n2074,2074
2111,0,n2075,2075
2112,0,n2076,2073
2113,0,n2076,2076
2114,0,n2077,2077
2115,0,n2078,2078
2116,0,n2079,2079
2117,0,n2080,2080
2118,0,n2082,2082
2119,0,n2081,2081
2120,0,n2083,2083
2121,0,n2085,2085
2122,0,n2084,2084
2123,0,n2086,2086
2124,0,n2087,2087
2125,0,n2088,2088
2126,0,n2089,2089
2127,0,n2090,2090
2128,0,n2091,2091
2129,0,n2092,2092
2130,0,n2093,2093
2131,0,n2094,2094
2132,0,n2095,2095
2133,0,n2096,2096
2134,0,n2097,2097
2135,0,n2098,2098
2136,0,n2099,2099
2137,0,n2100,2100
2138,0,n2101,2101
2139,0,n2101,2104
2140,0,n2106,2106
2141,0,n2107,2107
2142,1,n2102,undefined
2143,0,n2103,2103
2144,1,n2104,undefined
2145,0,n2105,2105
2146,0,n2108,2108
2147,0,n2109,2109
2148,0,n2110,2110
2149,0,n2111,2111
2150,0,n2111,2113
2151,0,n2112,2112
2152,0,n2112,2114
2153,0,n2112,2117
2154,0,n2115,2115
2155,0,n2116,2116
2156,1,n2117,undefined
2157,0,n2118,2118
2158,0,n2119,2119
2159,0,n2120,2120
2160,0,n2121,2121
2161,0,n2123,2123
2162,0,n2122,2122
2163,0,n2124,2124
2164,0,n2125,2125
2165,0,n2126,2126
2166,0,n2126,2130
2167,0,n2127,2127
2168,0,n2128,2128
2169,0,n2129,2129
2170,0,n2130,2133
2171,0,n2131,2131
2172,0,n2132,2132
2173,0,n2134,2134
2174,1,n2133,undefined
2175,0,n2135,2135
2176,0,n2137,2137
2177,0,n2136,2136
2178,0,n2138,2138
2179,0,n2140,2140
2180,0,n2139,2139
2181,0,n2141,2141
2182,0,n2142,2142
2183,0,n2143,2143
2184,0,n2145,2145
2185,0,n2144,2144
2186,0,n2146,2146
2187,0,n2147,2147
2188,0,n2148,2148
2189,0,n2149,2149
2190,0,n2150,2150
2191,0,n2152,2152
2192,0,n2151,2151
2193,0,n2153,2153
2194,0,n2154,2154
2195,0,n2155,2155
2196,0,n2156,2156
2197,0,n2158,2158
2198,0,n2157,2157
2199,0,n2159,2159
2200,0,n2161,2161
2201,0,n2160,2160
2202,0,n2162,2162
2203,0,n2163,2163
2204,0,n2164,2164
2205,0,n2166,2166
2206,0,n2165,2165
2207,0,n2167,2167
2208,0,n2168,2168
2209,0,n2169,2169
2210,0,n2169,2171
2211,0,n2170,2170
2212,1,n2171,undefined
2213,0,n2173,2173
2214,0,n2172,2172
2215,0,n2174,2174
2216,0,n2174,2177
2217,0,n2176,2176
2218,0,n2175,2175
2219,1,n2177,undefined
2220,0,n2179,2179
2221,0,n2178,2178
2222,0,n2180,2180
2223,0,n2182,2182
2224,0,n2181,2181
2225,0,n2183,2183
2226,0,n2184,2184
2227,0,n2185,2185
2228,0,n2185,2188
2229,0,n2186,2186
2230,0,n2187,2187
2231,0,n2188,2190
2232,0,n2189,2189
2233,1,n2190,undefined
2234,0,n2191,2191
2235,0,n2192,2192
2236,0,n2194,2194
2237,0,n2193,2193
2238,0,n2195,2195
2239,0,n2197,2197
2240,0,n2196,2196
2241,0,n2198,2198
2242,0,n2200,2200
2243,0,n2199,2199
2244,0,n2201,2201
2245,0,n2203,2203
2246,0,n2202,2202
2247,0,n2204,2204
2248,0,n2205,2205
2249,0,n2206,2206
2250,0,n2208,2208
2251,0,n2207,2207
2252,0,n2209,2209
2253,0,n2210,2210
2254,0,n2211,2211
2255,0,n2212,2212
2256,0,n2213,2213
2257,0,n2214,2214
2258,0,n2215,2215
2259,0,n2216,2216
2260,0,n2218,2218
2261,0,n2217,2217
2262,0,n2219,2219
2263,0,n2220,2220
2264,0,n2221,2221
2265,1,n2222,undefined
2266,1,n2223,undefined
2267,1,n2225,undefined
2268,0,n2224,2224
2269,0,n2226,2223
2270,0,n2226,2226
2271,0,n2228,2228
2272,0,n2227,2227
2273,0,n2229,2229
2274,0,n2230,2230
2275,0,n2231,2231
2276,0,n2232,2232
2277,0,n2233,2233
2278,0,n2234,2234
2279,0,n2235,2235
2280,0,n2236,2236
2281,0,n2238,2238
2282,0,n2237,2237
2283,0,n2237,2241
2284,0,n2237,2244
2285,0,n2237,2247
2286,0,n2240,2240
2287,0,n2243,2243
2288,0,n2245,2245
2289,0,n2246,2246
2290,1,n2247,undefined
2291,0,n2248,2248
2292,0,n2248,2250
2293,0,n2249,2249
2294,1,n2250,undefined
2295,0,n2251,2251
2296,0,n2252,2252
2297,0,n2253,2253
2298,0,n2256,2256
2299,0,n2254,2254
2300,0,n2255,2255
2301,0,n2257,2257
2302,0,n2258,2258
2303,0,n2259,2259
2304,0,n2260,2260
2305,0,n2261,2261
2306,0,n2261,2263
2307,0,n2262,2262
2308,0,n2264,2264
2309,1,n2263,undefined
2310,0,n2266,2266
2311,0,n2265,2265
2312,0,n2265,2268
2313,0,n2270,2270
2314,0,n2271,2271
2315,0,n2269,2269
2316,1,n2272,undefined
2317,1,n2273,undefined
2318,0,n2274,2272
2319,0,n2274,2274
2320,0,n2275,2275
2321,0,n2278,2278
2322,0,n2276,2276
2323,0,n2277,2277
2324,0,n2279,2279
2325,0,n2280,2280
2326,0,n2281,2281
2327,0,n2282,2282
2328,0,n2283,2283
2329,0,n2283,2285
2330,0,n2284,2284
2331,0,n2286,2286
2332,1,n2285,undefined
2333,0,n2287,2287
2334,0,n2288,2288
2335,0,n2288,2290
2336,0,n2291,2291
2337,0,n2292,2289
2338,0,n2292,2292
2339,0,n2293,2293
2340,0,n2294,2294
2341,1,n2295,undefined
2342,0,n2296,2296
2343,0,n2296,2298
2344,0,n2297,2297
2345,1,n2298,undefined
2346,0,n2299,2299
2347,0,n2300,2300
2348,0,n2301,2301
2349,0,n2302,2302
2350,0,n2303,2303
2351,0,n2304,2304
2352,0,n2305,2305
2353,0,n2306,2306
2354,0,n2307,2307
2355,0,n2308,2308
2356,0,n2309,2309
2357,0,n2310,2310
2358,0,n2311,2311
2359,0,n2312,2312
2360,0,n2313,2313
2361,0,n2314,2314
2362,0,n2315,2315
2363,0,n2317,2317
2364,0,n2318,2318
2365,0,n2316,2316
2366,0,n2319,2319
2367,0,n2320,2320
2368,0,n2321,2321
2369,0,n2322,2322
2370,0,n2323,2323
2371,0,n2325,2325
2372,0,n2324,2324
2373,0,n2326,2326
2374,0,n2327,2327
2375,0,n2330,2330
2376,0,n2330,2332
2377,0,n2329,2329
2378,0,n2328,2328
2379,0,n2331,2331
2380,0,n2333,2333
2381,0,n2334,2334
2382,0,n2335,2335
2383,0,n2336,2336
2384,0,n2337,2337
2385,0,n2338,2338
2386,0,n2339,2339
2387,0,n2340,2340
2388,1,n2341,undefined
2389,0,n2342,2342
2390,0,n2343,2343
2391,0,n2344,2344
2392,0,n2345,2345
2393,0,n2346,2346
2394,0,n2347,2347
2395,0,n2348,2348
2396,0,n2349,2349
2397,0,n2350,2350
2398,0,n2351,2351
2399,0,n2352,2352
2400,0,n2353,2353
2401,0,n2354,2354
2402,0,n2355,2355
2403,0,n2356,2356
2404,0,n2357,2357
2405,0,n2358,2358
2406,0,n2359,2359
2407,0,n2360,2360
2408,0,n2361,2361
2409,0,n2363,2363
2410,0,n2364,2364
2411,0,n2362,2362
2412,0,n2365,2365
2413,0,n2366,2366
2414,0,n2367,2367
2415,0,n2368,2368
2416,0,n2369,2369
2417,0,n2371,2371
2418,0,n2372,2372
2419,0,n2370,2370
2420,0,n2373,2373
2421,0,n2375,2375
2422,0,n2374,2374
2423,0,n2374,2376
2424,0,n2377,2377
2425,0,n2378,2378
2426,0,n2379,2379
2427,0,n2381,2381
2428,0,n2380,2380
2429,0,n2380,2383
2430,0,n2382,2382
2431,0,n2384,2384
2432,1,n2383,undefined
2433,0,n2385,2385
2434,0,n2386,2386
2435,0,n2387,2387
2436,0,n2388,2388
2437,0,n2389,2389
2438,0,n2391,2391
2439,0,n2390,2390
2440,0,n2393,2393
2441,0,n2392,2392
2442,0,n2395,2395
2443,0,n2394,2394
2444,0,n2397,2397
2445,0,n2396,2396
2446,0,n2398,2398
2447,0,n2399,2399
2448,0,n2401,2401
2449,0,n2400,2400
2450,0,n2402,2402
2451,0,n2403,2403
2452,0,n2404,2404
2453,0,n2406,2406
2454,0,n2405,2405
2455,0,n2407,2407
2456,0,n2408,2408
2457,0,n2410,2410
2458,0,n2409,2409
2459,0,n2412,2412
2460,0,n2411,2411
2461,0,n2414,2414
2462,0,n2413,2413
2463,0,n2415,2415
2464,0,n2416,2416
2465,0,n2417,2417
2466,0,n2418,2418
2467,0,n2419,2419
2468,0,n2420,2420
2469,0,n2421,2421
2470,0,n2422,2422
2471,0,n2423,2423
2472,0,n2424,2424
2473,0,n2425,2425
2474,0,n2426,2426
2475,0,n2429,2429
2476,0,n2427,2427
2477,0,n2428,2428
2478,1,n2430,undefined
2479,1,n2431,undefined
2480,0,n2432,2432
2481,0,n2433,2433
2482,0,n2434,2434
2483,0,n2435,2435
2484,0,n2436,2436
2485,0,n2438,2438
2486,0,n2437,2437
2487,0,n2437,2440
2488,0,n2441,2441
2489,0,n2442,2442
2490,0,n2443,2443
2491,0,n2444,2444
2492,0,n2445,2445
2493,0,n2446,2446
2494,0,n2447,2447
2495,0,n2449,2449
2496,0,n2448,2448
2497,0,n2448,2451
2498,0,n2452,2452
2499,0,n2453,2453
2500,0,n2454,2454
2501,0,n2455,2455
2502,0,n2457,2457
2503,0,n2456,2456
2504,0,n2458,2458
2505,0,n2460,2460
2506,0,n2459,2459
2507,0,n2459,2462
2508,0,n2463,2463
2509,0,n2464,2464
2510,0,n2465,2465
2511,0,n2466,2466
2512,0,n2468,2468
2513,0,n2467,2467
2514,0,n2469,2469
2515,0,n2471,2471
2516,0,n2470,2470
2517,0,n2472,2472
2518,0,n2473,2473
2519,0,n2474,2474
2520,0,n2474,2476
2521,0,n2475,2475
2522,1,n2476,undefined
2523,0,n2477,2477
2524,0,n2478,2478
2525,0,n2479,2479
2526,0,n2480,2480
2527,0,n2482,2482
2528,0,n2481,2481
2529,0,n2483,2483
2530,0,n2484,2484
2531,0,n2485,2485
2532,0,n2486,2486
2533,0,n2487,2487
2534,0,n2488,2488
2535,0,n2489,2489
2536,0,n2490,2490
2537,0,n2492,2492
2538,0,n2491,2491
2539,0,n2494,2494
2540,0,n2493,2493
2541,0,n2496,2496
2542,0,n2495,2495
2543,0,n2497,2497
2544,0,n2498,2498
2545,0,n2499,2499
2546,0,n2501,2501
2547,0,n2500,2500
2548,0,n2502,2502
2549,0,n2503,2503
2550,0,n2505,2505
2551,0,n2504,2504
2552,0,n2507,2507
2553,0,n2506,2506
2554,0,n2509,2509
2555,0,n2508,2508
2556,0,n2510,2510
2557,0,n2511,2511
2558,0,n2512,2512
2559,0,n2513,2513
2560,0,n2514,2514
2561,0,n2515,2515
2562,0,n2516,2516
2563,0,n2517,2517
2564,0,n2518,2518
2565,0,n2519,2519
2566,0,n2520,2520
2567,0,n2521,2521
2568,0,n2522,2522
2569,0,n2523,2523
2570,0,n2524,2524
2571,0,n2525,2525
2572,0,n2526,2526
2573,0,n2527,2527
2574,0,n2528,2528
2575,0,n2530,2530
2576,0,n2529,2529
2577,0,n2531,2531
2578,0,n2531,2532
2579,0,n2533,2533
2580,1,n2532,undefined
2581,0,n2534,2534
2582,0,n2535,2535
2583,0,n2536,2536
2584,0,n2537,2537
2585,0,n2538,2538
2586,0,n2540,2540
2587,0,n2539,2539
2588,0,n2541,2541
2589,0,n2541,2542
2590,0,n2543,2543
2591,1,n2542,undefined
2592,0,n2544,2544
2593,0,n2545,2545
2594,0,n2546,2546
2595,0,n2547,2547
2596,0,n2548,2548
2597,0,n2550,2550
2598,0,n2549,2549
2599,0,n2551,2551
2600,0,n2552,2552
2601,0,n2553,2553
2602,0,n2554,2554
2603,0,n2555,2555
2604,0,n2556,2556
2605,0,n2557,2557
2606,0,n2558,2558
2607,0,n2559,2559
2608,0,n2560,2560
2609,0,n2561,2561
2610,0,n2563,2563
2611,0,n2564,2564
2612,0,n2565,2565
2613,0,n2566,2566
2614,0,n2567,2567
2615,0,n2568,2568
2616,0,n2569,2569
2617,0,n2570,2570
2618,0,n2571,2571
2619,0,n2572,2572
2620,0,n2573,2573
2621,0,n2574,2574
2622,0,n2575,2575
2623,0,n2576,2576
2624,0,n2577,2577
2625,0,n2578,2578
2626,0,n2579,2579
2627,0,n2580,2580
2628,0,n2581,2581
2629,0,n2582,2582
2630,0,n2583,2583
2631,0,n2584,2584
2632,0,n2585,2585
2633,0,n2586,2586
2634,0,n2587,2587
2635,0,n2588,2588
2636,0,n2589,2589
2637,0,n2590,2590
2638,0,n2591,2591
2639,0,n2592,2592
2640,0,n2593,2593
2641,0,n2595,2595
2642,0,n2594,2594
2643,0,n2598,2598
2644,0,n2599,2599
2645,0,n2600,2597
2646,0,n2600,2600
2647,0,n2601,2601
2648,0,n2601,2604
2649,0,n2603,2603
2650,0,n2602,2602
2651,0,n2602,2605
2652,0,n2606,2606
2653,0,n2607,2607
2654,0,n2608,2608
2655,0,n2609,2609
2656,0,n2609,2612
2657,0,n2611,2611
2658,0,n2610,2610
2659,0,n2610,2613
2660,0,n2614,2614
2661,0,n2615,2615
2662,0,n2616,2616
2663,0,n2617,2617
2664,0,n2619,2619
2665,0,n2618,2618
2666,0,n2622,2622
2667,0,n2623,2623
2668,0,n2624,2621
2669,0,n2624,2624
2670,0,n2625,2625
2671,0,n2626,2626
2672,0,n2627,2627
2673,0,n2628,2628
2674,0,n2629,2629
2675,0,n2630,2630
2676,0,n2631,2631
2677,0,n2632,2632
2678,0,n2634,2634
2679,0,n2633,2633
2680,0,n2635,2635
2681,0,n2636,2636
2682,0,n2638,2638
2683,0,n2637,2637
2684,0,n2639,2639
2685,0,n2639,2641
2686,0,n2643,2643
2687,0,n2642,2642
2688,0,n2644,2644
2689,0,n2645,2645
2690,0,n2646,2646
2691,0,n2648,2648
2692,0,n2647,2647
2693,0,n2649,2649
2694,0,n2650,2650
2695,0,n2651,2651
2696,0,n2652,2652
2697,0,n2653,2653
2698,0,n2653,2656
2699,0,n2653,2659
2700,0,n2655,2655
2701,0,n2658,2658
2702,0,n2661,2661
2703,0,n2660,2660
2704,0,n2662,2662
2705,0,n2664,2664
2706,0,n2663,2663
2707,0,n2665,2665
2708,0,n2666,2666
2709,0,n2667,2667
2710,0,n2668,2668
2711,0,n2669,2669
2712,0,n2670,2670
2713,0,n2671,2671
2714,0,n2671,2673
2715,0,n2672,2672
2716,0,n2675,2675
2717,0,n2674,2674
2718,0,n2674,2678
2719,0,n2676,2676
2720,0,n2677,2677
2721,0,n2679,2679
2722,1,n2678,undefined
2723,0,n2680,2680
2724,0,n2681,2681
2725,0,n2682,2682
2726,0,n2682,2686
2727,0,n2683,2683
2728,0,n2685,2685
2729,0,n2684,2684
2730,0,n2686,2689
2731,0,n2687,2687
2732,0,n2688,2688
2733,1,n2689,undefined
2734,0,n2691,2691
2735,0,n2690,2690
2736,0,n2693,2693
2737,0,n2692,2692
2738,0,n2694,2694
2739,0,n2695,2695
2740,0,n2696,2696
2741,0,n2698,2698
2742,0,n2697,2697
2743,0,n2699,2699
2744,0,n2701,2701
2745,0,n2700,2700
2746,0,n2703,2703
2747,0,n2702,2702
2748,0,n2705,2705
2749,0,n2704,2704
2750,0,n2707,2707
2751,0,n2706,2706
2752,0,n2708,2708
2753,0,n2709,2709
2754,0,n2710,2710
2755,0,n2711,2711
2756,0,n2713,2713
2757,0,n2712,2712
2758,0,n2714,2714
2759,0,n2715,2715
2760,0,n2716,2716
2761,0,n2717,2717
2762,0,n2718,2718
2763,0,n2719,2719
2764,0,n2721,2721
2765,0,n2720,2720
2766,0,n2723,2723
2767,0,n2722,2722
2768,0,n2724,2724
2769,0,n2725,2725
2770,0,n2727,2727
2771,0,n2726,2726
2772,0,n2728,2728
2773,0,n2729,2729
2774,0,n2730,2730
2775,0,n2731,2731
2776,0,n2732,2732
2777,0,n2733,2733
2778,0,n2735,2735
2779,0,n2734,2734
2780,0,n2736,2736
2781,0,n2737,2737
2782,0,n2738,2738
2783,0,n2739,2739
2784,0,n2741,2741
2785,0,n2740,2740
2786,0,n2742,2742
2787,0,n2743,2743
2788,0,n2746,2746
2789,0,n2745,2745
2790,0,n2747,2747
2791,0,n2748,2748
2792,0,n2749,2749
2793,0,n2750,2750
2794,0,n2752,2752
2795,0,n2751,2751
2796,0,n2753,2753
2797,0,n2754,2754
2798,0,n2756,2756
2799,0,n2755,2755
2800,0,n2757,2757
2801,0,n2758,2758
2802,0,n2758,2761
2803,0,n2758,2764
2804,0,n2758,2768
2805,0,n2758,2771
2806,0,n2758,2774
2807,0,n2758,2777
2808,0,n2760,2760
2809,0,n2762,2762
2810,0,n2765,2765
2811,0,n2767,2767
2812,0,n2770,2770
2813,0,n2773,2773
2814,0,n2776,2776
2815,0,n2779,2779
2816,0,n2778,2775
2817,0,n2778,2778
2818,0,n2780,2780
2819,0,n2781,2781
2820,0,n2782,2782
2821,0,n2782,2784
2822,0,n2783,2783
2823,0,n2784,2785
2824,0,n2786,2786
2825,1,n2785,undefined
2826,0,n2787,2787
2827,0,n2788,2788
2828,0,n2789,2789
2829,0,n2790,2790
2830,0,n2791,2791
2831,0,n2792,2792
2832,0,n2793,2793
2833,0,n2794,2794
2834,0,n2794,2795
2835,0,n2796,2796
2836,0,n2795,2797
2837,0,n2798,2798
2838,1,n2797,undefined
2839,0,n2799,2799
2840,0,n2800,2800
2841,0,n2801,2801
2842,0,n2802,2802
2843,0,n2803,2803
2844,0,n2804,2804
2845,0,n2805,2805
2846,0,n2806,2806
2847,0,n2807,2807
2848,0,n2808,2808
2849,0,n2808,2809
2850,0,n2810,2810
2851,1,n2809,undefined
2852,0,n2811,2811
2853,0,n2812,2812
2854,0,n2813,2813
2855,0,n2816,2816
2856,0,n2814,2814
2857,0,n2817,2817
2858,0,n2817,2822
2859,0,n2815,2815
2860,0,n2818,2818
2861,0,n2819,2819
2862,0,n2820,2820
2863,0,n2821,2821
2864,0,n2821,2826
2865,1,n2822,undefined
2866,0,n2824,2824
2867,0,n2823,2823
2868,0,n2825,2825
2869,0,n2827,2827
2870,0,n2828,2828
2871,0,n2831,2831
2872,0,n2830,2830
2873,0,n2829,2829
2874,0,n2832,2832
2875,0,n2833,2833
2876,0,n2834,2834
2877,0,n2835,2835
2878,0,n2836,2836
2879,0,n2837,2837
2880,0,n2838,2838
2881,0,n2839,2839
2882,0,n2840,2840
2883,0,n2842,2842
2884,0,n2841,2841
2885,0,n2843,2843
2886,0,n2844,2844
2887,0,n2845,2845
2888,0,n2846,2846
2889,0,n2847,2847
2890,0,n2848,2848
2891,0,n2849,2849
2892,0,n2850,2850
2893,0,n2851,2851
2894,0,n2852,2852
2895,0,n2853,2853
2896,0,n2855,2855
2897,0,n2854,2854
2898,0,n2856,2856
2899,0,n2857,2857
2900,0,n2858,2858
2901,0,n2859,2859
2902,0,n2860,2860
2903,0,n2862,2862
2904,0,n2861,2861
2905,0,n2864,2864
2906,0,n2863,2863
2907,0,n2866,2866
2908,0,n2865,2865
2909,0,n2867,2867
2910,0,n2868,2868
2911,0,n2869,2869
2912,0,n2870,2870
2913,0,n2872,2872
2914,0,n2872,2877
2915,0,n2871,2871
2916,0,n2873,2873
2917,0,n2874,2874
2918,0,n2875,2875
2919,0,n2876,2876
2920,1,n2877,undefined
2921,0,n2879,2879
2922,0,n2878,2878
2923,0,n2880,2880
2924,0,n2881,2881
2925,0,n2882,2882
2926,0,n2884,2884
2927,0,n2883,2883
2928,0,n2885,2885
2929,0,n2886,2886
2930,0,n2887,2887
2931,0,n2888,2888
2932,0,n2889,2889
2933,0,n2890,2890
2934,0,n2891,2891
2935,0,n2892,2892
2936,0,n2893,2893
2937,0,n2894,2894
2938,0,n2895,2895
2939,0,n2896,2896
2940,0,n2897,2897
2941,0,n2898,2898
2942,0,n2899,2899
2943,0,n2900,2900
2944,0,n2901,2901
2945,0,n2902,2902
2946,0,n2903,2903
2947,0,n2905,2905
2948,0,n2904,2904
2949,1,n2906,undefined
2950,0,n2907,2907
2951,0,n2908,2906
2952,0,n2908,2908
2953,0,n2910,2910
2954,0,n2911,2911
2955,0,n2909,2909
2956,0,n2912,2912
2957,0,n2913,2913
2958,0,n2914,2914
2959,0,n2914,2917
2960,0,n2916,2916
2961,0,n2915,2915
2962,1,n2917,undefined
2963,0,n2918,2918
2964,0,n2919,2919
2965,0,n2920,2920
2966,0,n2921,2921
2967,0,n2922,2922
2968,0,n2923,2923
2969,0,n2924,2924
2970,0,n2924,2927
2971,0,n2925,2925
2972,1,n2927,undefined
2973,0,n2926,2926
2974,0,n2928,2928
2975,0,n2929,2929
2976,0,n2930,2930
2977,0,n2931,2931
2978,0,n2932,2932
2979,0,n2933,2933
2980,0,n2934,2934
2981,0,n2935,2935
2982,0,n2936,2936
2983,0,n2937,2937
2984,0,n2938,2938
2985,0,n2939,2939
2986,0,n2940,2940
2987,0,n2941,2941
2988,0,n2942,2942
2989,0,n2943,2943
2990,0,n2943,2944
2991,1,n2944,undefined
2992,0,n2945,2945
2993,0,n2946,2946
2994,0,n2947,2947
2995,0,n2948,2948
2996,0,n2949,2949
2997,0,n2950,2950
2998,0,n2952,2952
2999,0,n2951,2951
3000,0,n2951,2957
3001,0,n2953,2953
3002,0,n2954,2954
3003,0,n2955,2955
3004,0,n2959,2959
3005,0,n2958,2958
3006,0,n2956,2956
3007,1,n2957,undefined
3008,0,n2960,2960
3009,0,n2961,2961
3010,1,n2962,undefined
3011,0,n2966,2966
3012,0,n2965,2965
3013,0,n2964,2964
3014,0,n2963,2963
3015,2,undefined,50
3016,2,undefined,61
3017,2,undefined,91
3018,2,undefined,93
3019,2,undefined,108
3020,2,undefined,137
3021,2,undefined,266
3022,2,undefined,268
3023,2,undefined,295
3024,2,undefined,303
3025,2,undefined,309
3026,2,undefined,339
3027,2,undefined,380
3028,2,undefined,466
3029,2,undefined,475
3030,2,undefined,534
3031,2,undefined,537
3032,2,undefined,540
3033,2,undefined,639
3034,2,undefined,642
3035,2,undefined,643
3036,2,undefined,646
3037,2,undefined,650
3038,2,undefined,653
3039,2,undefined,753
3040,2,undefined,759
3041,2,undefined,803
3042,2,undefined,958
3043,2,undefined,1042
3044,2,undefined,1079
3045,2,undefined,1080
3046,2,undefined,1088
3047,2,undefined,1090
3048,2,undefined,1112
3049,2,undefined,1116
3050,2,undefined,1124
3051,2,undefined,1132
3052,2,undefined,1138
3053,2,undefined,1160
3054,2,undefined,1197
3055,2,undefined,1199
3056,2,undefined,1201
3057,2,undefined,1287
3058,2,undefined,1355
3059,2,undefined,1358
3060,2,undefined,1361
3061,2,undefined,1459
3062,2,undefined,1463
3063,2,undefined,1466
3064,2,undefined,1469
3065,2,undefined,1472
3066,2,undefined,1473
3067,2,undefined,1475
3068,2,undefined,1686
3069,2,undefined,1687
3070,2,undefined,1775
3071,2,undefined,1798
3072,2,undefined,1844
3073,2,undefined,1847
3074,2,undefined,1893
3075,2,undefined,1896
3076,2,undefined,1912
3077,2,undefined,1913
3078,2,undefined,1922
3079,2,undefined,1926
3080,2,undefined,2072
3081,2,undefined,2102
3082,2,undefined,2222
3083,2,undefined,2225
3084,2,undefined,2239
3085,2,undefined,2242
3086,2,undefined,2267
3087,2,undefined,2273
3088,2,undefined,2295
3089,2,undefined,2341
3090,2,undefined,2430
3091,2,undefined,2431
3092,2,undefined,2439
3093,2,undefined,2450
3094,2,undefined,2461
3095,2,undefined,2562
3096,2,undefined,2596
3097,2,undefined,2620
3098,2,undefined,2640
3099,2,undefined,2654
3100,2,undefined,2657
3101,2,undefined,2744
3102,2,undefined,2759
3103,2,undefined,2763
3104,2,undefined,2766
3105,2,undefined,2769
3106,2,undefined,2772
3107,2,undefined,2962
